method,size,hitrate
FIFO,1,0.04
FIFO,2,0.16
FIFO,3,0.19
FIFO,4,0.23
FIFO,5,0.46
FIFO,6,0.53
FIFO,7,0.68
FIFO,8,1.73
FIFO,9,4.16
FIFO,10,5.33
FIFO,11,6.16
FIFO,12,6.68
FIFO,13,7.04
FIFO,14,7.54
FIFO,15,7.83
FIFO,16,8.18
FIFO,17,10.59
FIFO,18,10.77
FIFO,19,10.95
FIFO,20,11.15
FIFO,21,12.04
FIFO,22,12.21
FIFO,23,12.36
FIFO,24,15.84
FIFO,25,16.57
FIFO,26,16.78
FIFO,27,17.16
FIFO,28,18.18
FIFO,29,18.54
FIFO,30,18.67
FIFO,31,18.84
FIFO,32,19.43
FIFO,33,20.26
FIFO,34,20.37
FIFO,35,20.48
FIFO,36,21.47
FIFO,37,22.08
FIFO,38,22.24
FIFO,39,22.35
FIFO,40,24.73
FIFO,41,25.63
FIFO,42,25.89
FIFO,43,25.98
FIFO,44,26.05
FIFO,45,26.52
FIFO,46,26.92
FIFO,47,27.10
FIFO,48,27.18
FIFO,49,27.49
FIFO,50,27.90
FIFO,51,28.22
FIFO,52,28.30
FIFO,53,28.45
FIFO,54,28.80
FIFO,55,29.01
FIFO,56,29.49
FIFO,57,29.67
FIFO,58,29.81
FIFO,59,30.20
FIFO,60,30.49
FIFO,61,30.71
FIFO,62,30.87
FIFO,63,31.17
FIFO,64,31.37
FIFO,65,31.54
FIFO,66,32.02
FIFO,67,32.14
FIFO,68,32.21
FIFO,69,32.36
FIFO,70,32.50
FIFO,71,32.62
FIFO,72,32.79
FIFO,73,34.15
FIFO,74,34.30
FIFO,75,34.44
FIFO,76,34.53
FIFO,77,34.67
FIFO,78,34.73
FIFO,79,35.00
FIFO,80,35.03
FIFO,81,35.17
FIFO,82,35.38
FIFO,83,35.48
FIFO,84,35.59
FIFO,85,35.68
FIFO,86,35.91
FIFO,87,36.01
FIFO,88,36.11
FIFO,89,36.17
FIFO,90,36.23
FIFO,91,36.38
FIFO,92,36.45
FIFO,93,36.51
FIFO,94,36.56
FIFO,95,36.62
FIFO,96,36.73
FIFO,97,36.79
FIFO,98,37.31
FIFO,99,37.39
FIFO,100,37.52
FIFO,101,37.80
FIFO,102,37.91
FIFO,103,38.18
FIFO,104,38.24
FIFO,105,38.33
FIFO,106,38.42
FIFO,107,38.63
FIFO,108,38.70
FIFO,109,38.80
FIFO,110,38.86
FIFO,111,38.92
FIFO,112,39.02
FIFO,113,39.05
FIFO,114,39.09
FIFO,115,39.12
FIFO,116,39.19
FIFO,117,39.22
FIFO,118,39.25
FIFO,119,39.28
FIFO,120,39.31
FIFO,121,39.40
FIFO,122,39.43
FIFO,123,39.46
FIFO,124,39.49
FIFO,125,39.55
FIFO,126,39.57
FIFO,127,39.60
FIFO,128,39.65
FIFO,129,39.67
FIFO,130,39.71
FIFO,131,39.74
FIFO,132,39.80
FIFO,133,39.84
FIFO,134,40.00
FIFO,135,40.05
FIFO,136,40.11
FIFO,137,40.16
FIFO,138,40.23
FIFO,139,40.39
FIFO,140,43.29
FIFO,141,43.37
FIFO,142,43.71
FIFO,143,43.91
FIFO,144,45.16
FIFO,145,45.23
FIFO,146,45.31
FIFO,147,45.39
FIFO,148,45.41
FIFO,149,45.52
FIFO,150,45.57
FIFO,151,45.58
FIFO,152,45.63
FIFO,153,45.66
FIFO,154,45.71
FIFO,155,45.73
FIFO,156,45.77
FIFO,157,45.80
FIFO,158,45.83
FIFO,159,45.84
FIFO,160,45.87
FIFO,161,47.58
FIFO,162,47.60
FIFO,163,47.83
FIFO,164,47.92
FIFO,165,47.95
FIFO,166,48.01
FIFO,167,48.05
FIFO,168,48.08
FIFO,169,48.10
FIFO,170,48.19
FIFO,171,48.22
FIFO,172,48.26
FIFO,173,48.30
FIFO,174,48.32
FIFO,175,48.33
FIFO,176,48.34
FIFO,177,48.39
FIFO,178,48.41
FIFO,179,48.42
FIFO,180,48.44
FIFO,181,48.45
FIFO,182,48.46
FIFO,183,49.57
FIFO,184,49.58
FIFO,185,49.59
FIFO,186,49.61
FIFO,187,49.62
FIFO,188,49.62
FIFO,189,49.66
FIFO,190,49.68
FIFO,191,49.71
FIFO,192,49.79
FIFO,193,49.85
FIFO,194,49.87
FIFO,195,49.91
FIFO,196,49.92
FIFO,197,49.94
FIFO,198,49.95
FIFO,199,49.99
FIFO,200,49.99
FIFO,201,50.01
FIFO,202,50.04
FIFO,203,50.07
FIFO,204,50.13
FIFO,205,50.14
FIFO,206,50.19
FIFO,207,50.20
FIFO,208,50.27
FIFO,209,50.29
FIFO,210,50.30
FIFO,211,50.32
FIFO,212,50.38
FIFO,213,50.41
FIFO,214,50.42
FIFO,215,50.45
FIFO,216,50.52
FIFO,217,50.56
FIFO,218,50.61
FIFO,219,50.65
FIFO,220,50.66
FIFO,221,50.68
FIFO,222,50.71
FIFO,223,50.73
FIFO,224,50.73
FIFO,225,50.75
FIFO,226,50.76
FIFO,227,50.85
FIFO,228,50.86
FIFO,229,50.89
FIFO,230,50.91
FIFO,231,50.94
FIFO,232,50.96
FIFO,233,50.99
FIFO,234,50.99
FIFO,235,51.00
FIFO,236,51.02
FIFO,237,51.03
FIFO,238,51.05
FIFO,239,51.07
FIFO,240,51.08
FIFO,241,51.10
FIFO,242,51.12
FIFO,243,51.13
FIFO,244,51.16
FIFO,245,51.18
FIFO,246,51.21
FIFO,247,51.22
FIFO,248,51.25
FIFO,249,51.27
FIFO,250,51.28
FIFO,251,51.31
FIFO,252,51.35
FIFO,253,51.36
FIFO,254,51.38
FIFO,255,51.40
FIFO,256,51.42
FIFO,257,51.43
FIFO,258,51.43
FIFO,259,51.44
FIFO,260,51.45
FIFO,261,51.46
FIFO,262,51.48
FIFO,263,51.50
FIFO,264,51.52
FIFO,265,51.53
FIFO,266,51.55
FIFO,267,51.57
FIFO,268,51.59
FIFO,269,51.62
FIFO,270,51.64
FIFO,271,51.65
FIFO,272,51.68
FIFO,273,51.71
FIFO,274,51.73
FIFO,275,51.75
FIFO,276,51.79
FIFO,277,51.81
FIFO,278,51.83
FIFO,279,51.86
FIFO,280,51.89
FIFO,281,51.94
FIFO,282,52.00
FIFO,283,52.03
FIFO,284,52.06
FIFO,285,52.09
FIFO,286,52.11
FIFO,287,52.14
FIFO,288,52.17
FIFO,289,52.19
FIFO,290,52.21
FIFO,291,52.24
FIFO,292,52.26
FIFO,293,52.31
FIFO,294,52.33
FIFO,295,52.34
FIFO,296,52.35
FIFO,297,52.37
FIFO,298,52.39
FIFO,299,52.42
FIFO,300,52.44
FIFO,301,52.45
FIFO,302,52.46
FIFO,303,52.47
FIFO,304,52.50
FIFO,305,52.52
FIFO,306,52.52
FIFO,307,52.53
FIFO,308,52.54
FIFO,309,52.55
FIFO,310,52.57
FIFO,311,52.58
FIFO,312,52.59
FIFO,313,52.59
FIFO,314,52.59
FIFO,315,52.61
FIFO,316,52.62
FIFO,317,52.63
FIFO,318,52.69
FIFO,319,52.75
FIFO,320,52.75
FIFO,321,52.76
FIFO,322,52.77
FIFO,323,52.78
FIFO,324,52.78
FIFO,325,52.86
FIFO,326,52.87
FIFO,327,52.88
FIFO,328,52.88
FIFO,329,52.91
FIFO,330,52.93
FIFO,331,52.93
FIFO,332,52.95
FIFO,333,52.97
FIFO,334,52.97
FIFO,335,53.00
FIFO,336,53.01
FIFO,337,53.03
FIFO,338,53.04
FIFO,339,53.04
FIFO,340,53.05
FIFO,341,53.05
FIFO,342,53.06
FIFO,343,53.07
FIFO,344,53.07
FIFO,345,53.08
FIFO,346,53.09
FIFO,347,53.10
FIFO,348,53.10
FIFO,349,53.11
FIFO,350,53.11
FIFO,351,53.12
FIFO,352,53.12
FIFO,353,53.13
FIFO,354,53.13
FIFO,355,53.14
FIFO,356,53.14
FIFO,357,53.16
FIFO,358,53.21
FIFO,359,53.22
FIFO,360,53.22
FIFO,361,53.22
FIFO,362,53.23
FIFO,363,53.25
FIFO,364,53.26
FIFO,365,53.26
FIFO,366,53.26
FIFO,367,53.30
FIFO,368,53.30
FIFO,369,53.33
FIFO,370,53.35
FIFO,371,53.36
FIFO,372,53.51
FIFO,373,53.53
FIFO,374,53.53
FIFO,375,53.53
FIFO,376,53.53
FIFO,377,53.56
FIFO,378,53.56
FIFO,379,53.56
FIFO,380,53.57
FIFO,381,53.57
FIFO,382,53.57
FIFO,383,53.61
FIFO,384,53.61
FIFO,385,53.61
FIFO,386,53.62
FIFO,387,53.62
FIFO,388,53.63
FIFO,389,53.63
FIFO,390,53.63
FIFO,391,53.69
FIFO,392,53.69
FIFO,393,53.70
FIFO,394,53.76
FIFO,395,53.77
FIFO,396,53.77
FIFO,397,53.77
FIFO,398,53.78
FIFO,399,53.80
FIFO,400,53.81
FIFO,401,53.81
FIFO,402,53.87
FIFO,403,53.88
FIFO,404,53.90
FIFO,405,53.90
FIFO,406,53.93
FIFO,407,53.94
FIFO,408,53.99
FIFO,409,53.99
FIFO,410,54.11
FIFO,411,54.18
FIFO,412,54.21
FIFO,413,54.21
FIFO,414,54.39
FIFO,415,54.39
FIFO,416,54.40
FIFO,417,54.41
FIFO,418,54.42
FIFO,419,54.47
FIFO,420,54.51
FIFO,421,54.51
FIFO,422,54.56
FIFO,423,54.57
FIFO,424,54.58
FIFO,425,54.68
FIFO,426,54.69
FIFO,427,54.71
FIFO,428,54.71
FIFO,429,54.72
FIFO,430,54.72
FIFO,431,54.73
FIFO,432,54.73
FIFO,433,54.74
FIFO,434,54.75
FIFO,435,54.77
FIFO,436,54.78
FIFO,437,54.79
FIFO,438,54.79
FIFO,439,54.79
FIFO,440,54.80
FIFO,441,54.80
FIFO,442,54.81
FIFO,443,54.81
FIFO,444,54.81
FIFO,445,54.86
FIFO,446,54.86
FIFO,447,54.92
FIFO,448,54.93
FIFO,449,54.94
FIFO,450,54.94
FIFO,451,54.94
FIFO,452,54.98
FIFO,453,54.98
FIFO,454,54.98
FIFO,455,54.98
FIFO,456,54.99
FIFO,457,54.99
FIFO,458,55.00
FIFO,459,55.00
FIFO,460,55.00
FIFO,461,55.01
FIFO,462,55.01
FIFO,463,55.01
FIFO,464,55.02
FIFO,465,55.02
FIFO,466,55.02
FIFO,467,55.04
FIFO,468,55.04
FIFO,469,55.04
FIFO,470,55.10
FIFO,471,55.11
FIFO,472,55.11
FIFO,473,55.12
FIFO,474,55.12
FIFO,475,55.13
FIFO,476,55.15
FIFO,477,55.15
FIFO,478,55.15
FIFO,479,55.15
FIFO,480,55.15
FIFO,481,55.16
FIFO,482,55.16
FIFO,483,55.18
FIFO,484,55.18
FIFO,485,55.18
FIFO,486,55.19
FIFO,487,55.19
FIFO,488,55.19
FIFO,489,55.24
FIFO,490,55.25
FIFO,491,55.25
FIFO,492,55.25
FIFO,493,55.25
FIFO,494,55.25
FIFO,495,55.25
FIFO,496,55.25
FIFO,497,55.25
FIFO,498,55.28
FIFO,499,55.28
FIFO,500,55.29
LRU,1,0.04
LRU,2,0.21
LRU,3,0.22
LRU,4,0.27
LRU,5,0.52
LRU,6,0.58
LRU,7,0.80
LRU,8,2.70
LRU,9,6.89
LRU,10,7.23
LRU,11,7.83
LRU,12,8.02
LRU,13,8.15
LRU,14,8.42
LRU,15,8.60
LRU,16,8.97
LRU,17,13.10
LRU,18,13.14
LRU,19,13.36
LRU,20,13.46
LRU,21,14.29
LRU,22,14.36
LRU,23,14.44
LRU,24,19.08
LRU,25,19.76
LRU,26,19.95
LRU,27,20.42
LRU,28,20.57
LRU,29,20.85
LRU,30,20.89
LRU,31,21.09
LRU,32,21.12
LRU,33,23.05
LRU,34,23.09
LRU,35,23.15
LRU,36,25.91
LRU,37,26.28
LRU,38,26.37
LRU,39,26.48
LRU,40,27.88
LRU,41,29.07
LRU,42,29.19
LRU,43,29.22
LRU,44,29.23
LRU,45,30.66
LRU,46,30.84
LRU,47,30.87
LRU,48,30.95
LRU,49,31.12
LRU,50,31.61
LRU,51,31.80
LRU,52,31.89
LRU,53,32.08
LRU,54,32.44
LRU,55,32.68
LRU,56,32.72
LRU,57,32.83
LRU,58,33.52
LRU,59,33.99
LRU,60,34.08
LRU,61,34.20
LRU,62,34.35
LRU,63,34.51
LRU,64,34.64
LRU,65,34.79
LRU,66,34.86
LRU,67,34.96
LRU,68,35.72
LRU,69,35.76
LRU,70,35.79
LRU,71,35.91
LRU,72,35.99
LRU,73,36.25
LRU,74,36.30
LRU,75,38.56
LRU,76,38.63
LRU,77,38.66
LRU,78,38.71
LRU,79,38.77
LRU,80,38.79
LRU,81,38.89
LRU,82,38.97
LRU,83,39.03
LRU,84,39.25
LRU,85,39.27
LRU,86,39.28
LRU,87,39.43
LRU,88,39.47
LRU,89,39.49
LRU,90,39.51
LRU,91,39.58
LRU,92,39.58
LRU,93,39.59
LRU,94,39.61
LRU,95,39.63
LRU,96,39.66
LRU,97,39.76
LRU,98,39.82
LRU,99,39.83
LRU,100,39.86
LRU,101,39.96
LRU,102,40.09
LRU,103,40.19
LRU,104,40.27
LRU,105,40.31
LRU,106,40.48
LRU,107,40.56
LRU,108,40.62
LRU,109,40.91
LRU,110,40.94
LRU,111,40.97
LRU,112,41.02
LRU,113,41.07
LRU,114,41.14
LRU,115,41.17
LRU,116,41.26
LRU,117,41.29
LRU,118,41.35
LRU,119,41.39
LRU,120,41.41
LRU,121,41.52
LRU,122,41.57
LRU,123,41.58
LRU,124,41.61
LRU,125,41.63
LRU,126,41.64
LRU,127,41.70
LRU,128,41.72
LRU,129,41.73
LRU,130,41.79
LRU,131,41.82
LRU,132,42.48
LRU,133,43.10
LRU,134,43.27
LRU,135,43.38
LRU,136,43.41
LRU,137,43.46
LRU,138,43.50
LRU,139,43.67
LRU,140,43.75
LRU,141,43.80
LRU,142,43.81
LRU,143,45.47
LRU,144,45.55
LRU,145,48.13
LRU,146,48.17
LRU,147,49.94
LRU,148,50.05
LRU,149,50.12
LRU,150,50.22
LRU,151,50.23
LRU,152,50.30
LRU,153,50.31
LRU,154,50.34
LRU,155,50.34
LRU,156,50.36
LRU,157,50.36
LRU,158,50.38
LRU,159,50.38
LRU,160,50.39
LRU,161,50.41
LRU,162,50.42
LRU,163,50.43
LRU,164,50.46
LRU,165,50.48
LRU,166,50.49
LRU,167,50.54
LRU,168,50.58
LRU,169,50.59
LRU,170,50.61
LRU,171,50.63
LRU,172,50.63
LRU,173,50.65
LRU,174,50.67
LRU,175,50.67
LRU,176,50.69
LRU,177,50.71
LRU,178,50.74
LRU,179,50.75
LRU,180,50.77
LRU,181,50.79
LRU,182,50.81
LRU,183,50.84
LRU,184,50.85
LRU,185,50.88
LRU,186,50.88
LRU,187,50.90
LRU,188,50.91
LRU,189,50.97
LRU,190,50.98
LRU,191,51.00
LRU,192,51.05
LRU,193,51.13
LRU,194,51.18
LRU,195,51.24
LRU,196,51.25
LRU,197,51.31
LRU,198,51.34
LRU,199,51.37
LRU,200,51.40
LRU,201,51.41
LRU,202,51.41
LRU,203,51.42
LRU,204,51.43
LRU,205,51.44
LRU,206,51.46
LRU,207,51.48
LRU,208,51.49
LRU,209,51.50
LRU,210,51.54
LRU,211,51.55
LRU,212,51.56
LRU,213,51.75
LRU,214,51.79
LRU,215,51.80
LRU,216,51.85
LRU,217,51.98
LRU,218,52.04
LRU,219,52.07
LRU,220,52.09
LRU,221,52.11
LRU,222,52.11
LRU,223,52.12
LRU,224,52.14
LRU,225,52.15
LRU,226,52.16
LRU,227,52.19
LRU,228,52.20
LRU,229,52.21
LRU,230,52.24
LRU,231,52.27
LRU,232,52.28
LRU,233,52.29
LRU,234,52.32
LRU,235,52.34
LRU,236,52.35
LRU,237,52.36
LRU,238,52.40
LRU,239,52.41
LRU,240,52.42
LRU,241,52.43
LRU,242,52.43
LRU,243,52.44
LRU,244,52.46
LRU,245,52.46
LRU,246,52.47
LRU,247,52.49
LRU,248,52.49
LRU,249,52.50
LRU,250,52.50
LRU,251,52.51
LRU,252,52.51
LRU,253,52.51
LRU,254,52.52
LRU,255,52.53
LRU,256,52.53
LRU,257,52.56
LRU,258,52.58
LRU,259,52.58
LRU,260,52.59
LRU,261,52.60
LRU,262,52.61
LRU,263,52.63
LRU,264,52.64
LRU,265,52.66
LRU,266,52.67
LRU,267,52.68
LRU,268,52.71
LRU,269,52.72
LRU,270,52.73
LRU,271,52.75
LRU,272,52.77
LRU,273,52.80
LRU,274,52.81
LRU,275,52.83
LRU,276,52.85
LRU,277,52.89
LRU,278,52.91
LRU,279,52.93
LRU,280,52.95
LRU,281,52.97
LRU,282,53.00
LRU,283,53.01
LRU,284,53.03
LRU,285,53.05
LRU,286,53.07
LRU,287,53.08
LRU,288,53.10
LRU,289,53.12
LRU,290,53.15
LRU,291,53.16
LRU,292,53.19
LRU,293,53.21
LRU,294,53.24
LRU,295,53.26
LRU,296,53.28
LRU,297,53.30
LRU,298,53.31
LRU,299,53.34
LRU,300,53.36
LRU,301,53.38
LRU,302,53.40
LRU,303,53.42
LRU,304,53.43
LRU,305,53.45
LRU,306,53.47
LRU,307,53.51
LRU,308,53.52
LRU,309,53.54
LRU,310,53.55
LRU,311,53.56
LRU,312,53.58
LRU,313,53.60
LRU,314,53.62
LRU,315,53.63
LRU,316,53.63
LRU,317,53.64
LRU,318,53.65
LRU,319,53.66
LRU,320,53.71
LRU,321,53.73
LRU,322,53.75
LRU,323,53.76
LRU,324,53.76
LRU,325,53.77
LRU,326,53.77
LRU,327,53.80
LRU,328,53.84
LRU,329,53.84
LRU,330,53.85
LRU,331,53.85
LRU,332,53.86
LRU,333,53.87
LRU,334,53.87
LRU,335,53.88
LRU,336,53.88
LRU,337,53.91
LRU,338,53.91
LRU,339,53.92
LRU,340,53.92
LRU,341,53.94
LRU,342,53.95
LRU,343,53.95
LRU,344,53.97
LRU,345,53.97
LRU,346,53.97
LRU,347,53.98
LRU,348,53.98
LRU,349,53.98
LRU,350,53.99
LRU,351,54.00
LRU,352,54.05
LRU,353,54.06
LRU,354,54.07
LRU,355,54.08
LRU,356,54.09
LRU,357,54.10
LRU,358,54.16
LRU,359,54.18
LRU,360,54.21
LRU,361,54.26
LRU,362,54.28
LRU,363,54.31
LRU,364,54.36
LRU,365,54.38
LRU,366,54.40
LRU,367,54.42
LRU,368,54.43
LRU,369,54.45
LRU,370,54.47
LRU,371,54.47
LRU,372,54.49
LRU,373,54.63
LRU,374,54.71
LRU,375,54.73
LRU,376,54.74
LRU,377,54.77
LRU,378,54.79
LRU,379,54.82
LRU,380,54.83
LRU,381,54.83
LRU,382,54.84
LRU,383,54.87
LRU,384,54.89
LRU,385,54.90
LRU,386,54.90
LRU,387,54.92
LRU,388,54.93
LRU,389,54.93
LRU,390,54.95
LRU,391,54.95
LRU,392,54.99
LRU,393,55.00
LRU,394,55.01
LRU,395,55.01
LRU,396,55.03
LRU,397,55.05
LRU,398,55.06
LRU,399,55.08
LRU,400,55.12
LRU,401,55.13
LRU,402,55.15
LRU,403,55.18
LRU,404,55.19
LRU,405,55.20
LRU,406,55.21
LRU,407,55.22
LRU,408,55.23
LRU,409,55.27
LRU,410,55.30
LRU,411,55.36
LRU,412,55.39
LRU,413,55.44
LRU,414,55.48
LRU,415,55.56
LRU,416,55.63
LRU,417,55.66
LRU,418,55.68
LRU,419,55.70
LRU,420,55.75
LRU,421,55.76
LRU,422,55.76
LRU,423,55.77
LRU,424,55.78
LRU,425,55.81
LRU,426,55.88
LRU,427,55.90
LRU,428,55.94
LRU,429,55.95
LRU,430,55.96
LRU,431,55.97
LRU,432,55.97
LRU,433,55.98
LRU,434,55.99
LRU,435,55.99
LRU,436,56.01
LRU,437,56.02
LRU,438,56.02
LRU,439,56.03
LRU,440,56.03
LRU,441,56.05
LRU,442,56.06
LRU,443,56.08
LRU,444,56.10
LRU,445,56.11
LRU,446,56.11
LRU,447,56.13
LRU,448,56.14
LRU,449,56.15
LRU,450,56.16
LRU,451,56.16
LRU,452,56.17
LRU,453,56.18
LRU,454,56.18
LRU,455,56.19
LRU,456,56.20
LRU,457,56.20
LRU,458,56.21
LRU,459,56.22
LRU,460,56.23
LRU,461,56.23
LRU,462,56.24
LRU,463,56.24
LRU,464,56.25
LRU,465,56.27
LRU,466,56.29
LRU,467,56.30
LRU,468,56.31
LRU,469,56.34
LRU,470,56.35
LRU,471,56.38
LRU,472,56.41
LRU,473,56.43
LRU,474,56.45
LRU,475,56.47
LRU,476,56.49
LRU,477,56.53
LRU,478,56.56
LRU,479,56.58
LRU,480,56.60
LRU,481,56.61
LRU,482,56.62
LRU,483,56.63
LRU,484,56.65
LRU,485,56.67
LRU,486,56.68
LRU,487,56.69
LRU,488,56.71
LRU,489,56.73
LRU,490,56.74
LRU,491,56.76
LRU,492,56.77
LRU,493,56.79
LRU,494,56.81
LRU,495,56.82
LRU,496,56.84
LRU,497,56.86
LRU,498,56.87
LRU,499,56.88
LRU,500,56.90
MRU,1,0.04
MRU,2,0.04
MRU,3,0.04
MRU,4,0.04
MRU,5,0.04
MRU,6,0.04
MRU,7,0.04
MRU,8,0.04
MRU,9,0.04
MRU,10,0.04
MRU,11,0.04
MRU,12,0.04
MRU,13,0.04
MRU,14,0.04
MRU,15,0.04
MRU,16,0.04
MRU,17,0.04
MRU,18,0.04
MRU,19,0.04
MRU,20,0.04
MRU,21,0.04
MRU,22,0.04
MRU,23,0.04
MRU,24,0.04
MRU,25,0.04
MRU,26,0.04
MRU,27,0.04
MRU,28,0.04
MRU,29,0.04
MRU,30,0.04
MRU,31,0.04
MRU,32,0.04
MRU,33,0.04
MRU,34,0.04
MRU,35,0.04
MRU,36,0.04
MRU,37,0.04
MRU,38,0.04
MRU,39,0.04
MRU,40,0.04
MRU,41,0.04
MRU,42,0.04
MRU,43,0.04
MRU,44,0.04
MRU,45,0.04
MRU,46,0.04
MRU,47,0.04
MRU,48,0.04
MRU,49,0.04
MRU,50,0.04
MRU,51,0.05
MRU,52,0.05
MRU,53,0.05
MRU,54,0.05
MRU,55,0.05
MRU,56,0.05
MRU,57,0.05
MRU,58,0.05
MRU,59,0.05
MRU,60,0.05
MRU,61,0.05
MRU,62,0.05
MRU,63,0.05
MRU,64,0.05
MRU,65,0.05
MRU,66,0.05
MRU,67,0.05
MRU,68,0.05
MRU,69,0.05
MRU,70,0.05
MRU,71,0.05
MRU,72,0.05
MRU,73,0.05
MRU,74,0.05
MRU,75,0.05
MRU,76,0.05
MRU,77,0.05
MRU,78,0.05
MRU,79,0.06
MRU,80,0.06
MRU,81,0.06
MRU,82,0.06
MRU,83,0.06
MRU,84,0.06
MRU,85,0.06
MRU,86,0.06
MRU,87,0.06
MRU,88,0.06
MRU,89,0.06
MRU,90,0.06
MRU,91,0.07
MRU,92,0.07
MRU,93,0.07
MRU,94,0.07
MRU,95,0.07
MRU,96,0.07
MRU,97,0.07
MRU,98,0.07
MRU,99,0.07
MRU,100,0.07
MRU,101,0.07
MRU,102,0.07
MRU,103,0.07
MRU,104,0.07
MRU,105,0.07
MRU,106,0.08
MRU,107,0.08
MRU,108,0.08
MRU,109,0.08
MRU,110,0.08
MRU,111,0.08
MRU,112,0.08
MRU,113,0.08
MRU,114,0.08
MRU,115,0.08
MRU,116,0.08
MRU,117,0.08
MRU,118,0.08
MRU,119,0.08
MRU,120,0.08
MRU,121,0.08
MRU,122,0.08
MRU,123,0.08
MRU,124,0.08
MRU,125,0.08
MRU,126,0.08
MRU,127,0.08
MRU,128,0.08
MRU,129,0.08
MRU,130,0.08
MRU,131,0.08
MRU,132,0.08
MRU,133,0.08
MRU,134,0.08
MRU,135,0.08
MRU,136,0.08
MRU,137,0.08
MRU,138,0.08
MRU,139,0.08
MRU,140,0.08
MRU,141,0.08
MRU,142,0.08
MRU,143,0.08
MRU,144,0.08
MRU,145,0.08
MRU,146,0.08
MRU,147,0.08
MRU,148,0.08
MRU,149,0.08
MRU,150,0.08
MRU,151,0.08
MRU,152,0.08
MRU,153,0.08
MRU,154,0.08
MRU,155,0.08
MRU,156,0.08
MRU,157,0.08
MRU,158,0.08
MRU,159,0.08
MRU,160,0.08
MRU,161,0.08
MRU,162,0.08
MRU,163,0.08
MRU,164,0.08
MRU,165,0.08
MRU,166,0.08
MRU,167,0.08
MRU,168,0.08
MRU,169,0.08
MRU,170,0.08
MRU,171,0.08
MRU,172,0.08
MRU,173,0.08
MRU,174,0.08
MRU,175,0.08
MRU,176,0.08
MRU,177,0.08
MRU,178,0.08
MRU,179,0.08
MRU,180,0.08
MRU,181,0.08
MRU,182,0.08
MRU,183,0.08
MRU,184,0.08
MRU,185,0.08
MRU,186,0.08
MRU,187,0.08
MRU,188,0.08
MRU,189,0.08
MRU,190,0.08
MRU,191,0.08
MRU,192,0.08
MRU,193,0.08
MRU,194,0.08
MRU,195,0.08
MRU,196,0.08
MRU,197,0.12
MRU,198,0.12
MRU,199,0.15
MRU,200,0.15
MRU,201,0.15
MRU,202,0.15
MRU,203,0.15
MRU,204,0.15
MRU,205,0.15
MRU,206,0.15
MRU,207,0.15
MRU,208,0.15
MRU,209,0.15
MRU,210,0.15
MRU,211,0.15
MRU,212,0.15
MRU,213,0.15
MRU,214,0.15
MRU,215,0.15
MRU,216,0.15
MRU,217,0.15
MRU,218,0.15
MRU,219,0.15
MRU,220,0.15
MRU,221,0.16
MRU,222,0.16
MRU,223,0.16
MRU,224,0.16
MRU,225,0.16
MRU,226,0.16
MRU,227,0.16
MRU,228,0.16
MRU,229,0.16
MRU,230,0.16
MRU,231,0.16
MRU,232,0.16
MRU,233,0.16
MRU,234,0.16
MRU,235,0.16
MRU,236,0.16
MRU,237,0.16
MRU,238,0.16
MRU,239,0.16
MRU,240,0.17
MRU,241,0.17
MRU,242,0.17
MRU,243,0.17
MRU,244,0.17
MRU,245,0.17
MRU,246,0.17
MRU,247,0.20
MRU,248,0.20
MRU,249,0.20
MRU,250,0.20
MRU,251,0.20
MRU,252,0.20
MRU,253,0.20
MRU,254,0.20
MRU,255,0.21
MRU,256,0.21
MRU,257,0.21
MRU,258,0.21
MRU,259,0.21
MRU,260,0.21
MRU,261,0.21
MRU,262,0.21
MRU,263,0.24
MRU,264,0.24
MRU,265,0.24
MRU,266,0.24
MRU,267,0.24
MRU,268,0.24
MRU,269,0.24
MRU,270,0.24
MRU,271,0.27
MRU,272,0.27
MRU,273,0.27
MRU,274,0.27
MRU,275,0.27
MRU,276,0.27
MRU,277,0.27
MRU,278,0.28
MRU,279,0.28
MRU,280,0.28
MRU,281,0.28
MRU,282,0.28
MRU,283,0.28
MRU,284,0.28
MRU,285,0.28
MRU,286,0.28
MRU,287,0.28
MRU,288,0.28
MRU,289,0.28
MRU,290,0.28
MRU,291,0.31
MRU,292,0.31
MRU,293,0.31
MRU,294,0.31
MRU,295,0.31
MRU,296,0.31
MRU,297,0.31
MRU,298,0.31
MRU,299,0.34
MRU,300,0.34
MRU,301,0.34
MRU,302,0.34
MRU,303,0.34
MRU,304,0.34
MRU,305,0.35
MRU,306,0.35
MRU,307,0.38
MRU,308,0.38
MRU,309,0.38
MRU,310,0.38
MRU,311,0.38
MRU,312,0.38
MRU,313,0.38
MRU,314,0.38
MRU,315,0.38
MRU,316,0.38
MRU,317,0.38
MRU,318,0.38
MRU,319,0.41
MRU,320,0.41
MRU,321,0.41
MRU,322,0.41
MRU,323,0.41
MRU,324,0.41
MRU,325,0.41
MRU,326,0.41
MRU,327,0.41
MRU,328,0.41
MRU,329,0.41
MRU,330,0.41
MRU,331,0.42
MRU,332,0.42
MRU,333,0.42
MRU,334,0.42
MRU,335,0.45
MRU,336,0.45
MRU,337,0.45
MRU,338,0.45
MRU,339,0.45
MRU,340,0.45
MRU,341,0.45
MRU,342,0.45
MRU,343,0.45
MRU,344,0.45
MRU,345,0.45
MRU,346,0.45
MRU,347,0.45
MRU,348,0.45
MRU,349,0.45
MRU,350,0.45
MRU,351,0.45
MRU,352,0.45
MRU,353,0.46
MRU,354,0.46
MRU,355,0.46
MRU,356,0.46
MRU,357,0.46
MRU,358,0.46
MRU,359,0.46
MRU,360,0.47
MRU,361,0.47
MRU,362,0.47
MRU,363,0.47
MRU,364,0.47
MRU,365,0.47
MRU,366,0.47
MRU,367,0.48
MRU,368,0.48
MRU,369,0.48
MRU,370,0.48
MRU,371,0.48
MRU,372,0.48
MRU,373,0.48
MRU,374,0.48
MRU,375,0.48
MRU,376,0.48
MRU,377,0.49
MRU,378,0.49
MRU,379,0.49
MRU,380,0.49
MRU,381,0.49
MRU,382,0.49
MRU,383,0.49
MRU,384,0.50
MRU,385,0.50
MRU,386,0.50
MRU,387,0.50
MRU,388,0.50
MRU,389,0.50
MRU,390,0.50
MRU,391,0.51
MRU,392,0.51
MRU,393,0.51
MRU,394,0.51
MRU,395,0.51
MRU,396,0.51
MRU,397,0.51
MRU,398,0.51
MRU,399,0.51
MRU,400,0.51
MRU,401,0.52
MRU,402,0.52
MRU,403,0.52
MRU,404,0.52
MRU,405,0.52
MRU,406,0.52
MRU,407,0.52
MRU,408,0.52
MRU,409,0.52
MRU,410,0.52
MRU,411,0.52
MRU,412,0.52
MRU,413,0.52
MRU,414,0.52
MRU,415,0.52
MRU,416,0.52
MRU,417,0.52
MRU,418,0.52
MRU,419,0.52
MRU,420,0.52
MRU,421,0.52
MRU,422,0.52
MRU,423,0.52
MRU,424,0.52
MRU,425,0.52
MRU,426,0.52
MRU,427,0.52
MRU,428,0.53
MRU,429,0.53
MRU,430,0.54
MRU,431,0.54
MRU,432,0.54
MRU,433,0.54
MRU,434,0.54
MRU,435,0.54
MRU,436,0.54
MRU,437,0.54
MRU,438,0.55
MRU,439,0.55
MRU,440,0.55
MRU,441,0.55
MRU,442,0.55
MRU,443,0.55
MRU,444,0.55
MRU,445,0.55
MRU,446,0.55
MRU,447,0.56
MRU,448,0.60
MRU,449,0.63
MRU,450,0.63
MRU,451,0.63
MRU,452,0.63
MRU,453,0.63
MRU,454,0.64
MRU,455,0.65
MRU,456,0.66
MRU,457,0.71
MRU,458,0.73
MRU,459,0.75
MRU,460,0.78
MRU,461,0.79
MRU,462,0.79
MRU,463,0.79
MRU,464,0.79
MRU,465,0.79
MRU,466,0.79
MRU,467,0.79
MRU,468,0.79
MRU,469,0.79
MRU,470,0.79
MRU,471,0.79
MRU,472,0.79
MRU,473,0.79
MRU,474,0.79
MRU,475,0.79
MRU,476,0.79
MRU,477,0.79
MRU,478,0.79
MRU,479,0.79
MRU,480,0.79
MRU,481,0.79
MRU,482,0.79
MRU,483,0.79
MRU,484,0.79
MRU,485,0.79
MRU,486,0.79
MRU,487,0.79
MRU,488,0.79
MRU,489,0.79
MRU,490,0.79
MRU,491,0.79
MRU,492,0.80
MRU,493,0.80
MRU,494,0.80
MRU,495,0.80
MRU,496,0.80
MRU,497,0.80
MRU,498,0.80
MRU,499,0.80
MRU,500,0.80
OPT,1,0.04
